{"train_rewards": [-112.75083400248546, -17.74887636836501, 25866.28062040235, 13668.956768159564, -150.3644931124859, 200.71508550391934, 8299.458197270857, 115.69471865638506, 538.5993357238608, 7265.176158869611], "val_rewards": [-17.818505668983235], "train_profits": [-0.42670632826043386, 5.5559289757021935, 8476.195118710633, 2880.8091848275444, -0.5165849076371183, 90.12021137077815, 327.24314045126664, -0.3722100630244556, 30.644502576040296, 1616.1373752034272], "val_profits": [0.6425224200147608], "exploration_rates": [0.995, 0.990025, 0.985074875, 0.9801495006250001, 0.9752487531218751, 0.9703725093562657, 0.9655206468094844, 0.960693043575437, 0.9558895783575597, 0.9511101304657719]}