{"train_rewards": [-112.75083400248546], "val_rewards": [-17.818505668983235], "train_profits": [-0.42670632826043386], "val_profits": [0.6425224200147608], "exploration_rates": [0.995]}