{"train_rewards": [61.712658196741685], "val_rewards": [54.340861139034715], "train_profits": [-464.6809981371043], "val_profits": [-664.7032072896181], "exploration_rates": [1.0]}