{"train_rewards": [61.712658196741685, -45.501402789892104, 34.97470396374342, -106.15327259733816, -32.04443075230754, 77.96971240570207, 23.069232558908396, 32.68924521691859, -40.35695028068462, 55.448973640166535, 62.63568307678816, -84.60763562200336, 92.5825098329045, 86.9959194480741, 45.311161938198495, -4.089332052950587, 28.308579172805608, 29.434777395416802, 88.10997597325007, 111.04592974244825], "val_rewards": [54.340861139034715, -25.83212972732948], "train_profits": [-464.6809981371043, -14252.602657231331, -8915.839404049057, -10719.738524911256, -72334.87023139316, -2906.7149124132948, -8899.583779017032, -9090.225288897596, -4657.908018248893, 8062.5652996192475, -3280.082495783209, -20432.795207090203, 39335.94834115049, 4739.00987698578, -9015.168939151285, -5761.705703380324, -5029.036415887831, -8000.106806528237, 8024.70201244867, 22224.442356193224], "val_profits": [-664.7032072896181, -2786.729324255938], "exploration_rates": [1.0, 1.0, 1.0, 1.0, 1.0, 1.0, 1.0, 1.0, 1.0, 1.0, 1.0, 1.0, 1.0, 1.0, 1.0, 1.0, 1.0, 1.0, 1.0, 1.0]}