{"train_rewards": [61.712658196741685, -45.501402789892104, 34.97470396374342, -106.15327259733816, -32.04443075230754, 77.96971240570207, 23.069232558908396, 32.68924521691859, -40.35695028068462, 55.448973640166535, 62.63568307678816], "val_rewards": [54.340861139034715, -25.83212972732948], "train_profits": [-464.6809981371043, -14252.602657231331, -8915.839404049057, -10719.738524911256, -72334.87023139316, -2906.7149124132948, -8899.583779017032, -9090.225288897596, -4657.908018248893, 8062.5652996192475, -3280.082495783209], "val_profits": [-664.7032072896181, -2786.729324255938], "exploration_rates": [1.0, 1.0, 1.0, 1.0, 1.0, 1.0, 1.0, 1.0, 1.0, 1.0, 1.0]}