{"train_rewards": [106.65543709121796, 1545.4111872624533, 35544.34993302909, 878.3240411191892, 185.20474369129875, 38842.56731047114, -83.31339457019354, 366.74313400291595, 340504.7429825471, 1600.5368274289083, 39.83985466941041, 1554.6367283606112, 403.3257845826662, 1594.7426333927485, -0.19524026174786444, 741.5272614535143, 2414.674397213347, 1923.9249364036493, 1998.286070758376, -40.98027848439409], "val_rewards": [-22.714151256062554, -17.316168237967958], "train_profits": [2.984549919850513, 56.95399069499237, 8004.960248823016, 142.81715609919343, -0.7386246757180892, 2630.6788824818314, -0.49379812021930225, 19.880270010886388, 44235.35581502333, 122.52993677094639, 26.982044074080175, 448.22452905902134, 56.33512211903088, 15.321631441385158, 2.4705100896376795, 56.57251196047468, 675.1155459159882, 280.66090738739155, 201.86687939789653, 5.478390134042074], "val_profits": [-0.13299786864672714, -0.7143883521119054], "exploration_rates": [0.995, 0.990025, 0.985074875, 0.9801495006250001, 0.9752487531218751, 0.9703725093562657, 0.9655206468094844, 0.960693043575437, 0.9558895783575597, 0.9511101304657719, 0.946354579813443, 0.9416228069143757, 0.9369146928798039, 0.9322301194154049, 0.9275689688183278, 0.9229311239742362, 0.918316468354365, 0.9137248860125932, 0.9091562615825302, 0.9046104802746175]}