{"train_rewards": [106.65543709121796, 1545.4111872624533, 35544.34993302909, 878.3240411191892, 185.20474369129875, 38842.56731047114, -83.31339457019354, 366.74313400291595, 340504.7429825471, 1600.5368274289083, 39.83985466941041], "val_rewards": [-22.714151256062554, -17.316168237967958], "train_profits": [2.984549919850513, 56.95399069499237, 8004.960248823016, 142.81715609919343, -0.7386246757180892, 2630.6788824818314, -0.49379812021930225, 19.880270010886388, 44235.35581502333, 122.52993677094639, 26.982044074080175], "val_profits": [-0.13299786864672714, -0.7143883521119054], "exploration_rates": [0.995, 0.990025, 0.985074875, 0.9801495006250001, 0.9752487531218751, 0.9703725093562657, 0.9655206468094844, 0.960693043575437, 0.9558895783575597, 0.9511101304657719, 0.946354579813443]}