{"train_rewards": [106.65543709121796], "val_rewards": [-22.714151256062554], "train_profits": [2.984549919850513], "val_profits": [-0.13299786864672714], "exploration_rates": [0.995]}