{"train_rewards": [-135.68718222755254], "val_rewards": [0.06246123185673543], "train_profits": [-0.769933952978376], "val_profits": [0.20149848986043684], "exploration_rates": [0.995]}