{"train_rewards": [-17.939226438752367], "val_rewards": [0.0], "train_profits": [-8477.770875160577], "val_profits": [0.0], "exploration_rates": [0.995]}