{"train_rewards": [-88.68528757792936, -16.237218419473734, 11759.739803357503, -3.2523648836922794, 19023.501397520184, -107.66146283737206, 329.8669982722629, 45067.400160938116, -129.39292963968063, -99.88806920623007], "val_rewards": [-30.35114469285928], "train_profits": [0.8792550447477261, 7.8102599246835105, 1866.0798292708337, 16.706296329569835, 5490.046329631662, 0.05919278913434933, 7.154024338049526, 5018.014149771783, -0.6685846381656372, 10.538222929462911], "val_profits": [-0.5670708894801746], "exploration_rates": [0.995, 0.990025, 0.985074875, 0.9801495006250001, 0.9752487531218751, 0.9703725093562657, 0.9655206468094844, 0.960693043575437, 0.9558895783575597, 0.9511101304657719]}