{"train_rewards": [-88.68528757792936], "val_rewards": [-30.35114469285928], "train_profits": [0.8792550447477261], "val_profits": [-0.5670708894801746], "exploration_rates": [0.995]}