{"train_rewards": [-68.77565094351064], "val_rewards": [-2.152564441803013], "train_profits": [-53841.77864151493], "val_profits": [-2026.206942731782], "exploration_rates": [0.995]}