{"train_rewards": [-6.985791126905718, -149.77470034078652, -82.09886499846016, 41.27739423057073, -36.963243610031064, 38.571341950232046, 37.49164974891513, -140.2522545285774, -39.214288053824276, 21.343288797794216], "val_rewards": [-2.152564441803013], "train_profits": [-5106.134928749691, -9864.565933743472, -9364.947889168096, -8458.183926749683, -17952.49807298, -6695.131730403384, -5011.837237213185, -9768.852070065666, -9484.011291367948, -35804.88469336704], "val_profits": [-2026.206942731782], "exploration_rates": [0.995, 0.990025, 0.985074875, 0.9801495006250001, 0.9752487531218751, 0.9703725093562657, 0.9655206468094844, 0.960693043575437, 0.9558895783575597, 0.9511101304657719]}