{"train_rewards": [-6.985791126905718], "val_rewards": [-2.152564441803013], "train_profits": [-5106.134928749691], "val_profits": [-2026.206942731782], "exploration_rates": [0.995]}