{"train_rewards": [-115.86646425232011, 76.22449042192122, -194.57767707073535, -207.24485807204434, 1554.2202581907327, -216.23520863983623, 77.7139495436284, 247.87866792082073, -161.95306486049222, 12587.130814976334], "val_rewards": [0.0], "train_profits": [6.30626371827315, 4.017938925667652, -0.937149032907944, -0.9832071836327151, 207.361552138217, -0.6595480538467073, 2.08981368938162, 100.82557615140126, -0.5028156568343186, 1330.2962855806677], "val_profits": [0.0], "exploration_rates": [0.995, 0.990025, 0.985074875, 0.9801495006250001, 0.9752487531218751, 0.9703725093562657, 0.9655206468094844, 0.960693043575437, 0.9558895783575597, 0.9511101304657719]}