{"train_rewards": [-115.86646425232011], "val_rewards": [0.0], "train_profits": [6.30626371827315], "val_profits": [0.0], "exploration_rates": [0.995]}