{"train_rewards": [29.155600373175332, 20.601258047548267, -65.35986622526556], "val_rewards": [2.152564441803129, 2.152564441803129, 2.152564441803129], "train_profits": [-9486.893540885409, -7364.097121773495, -12481.991529362505], "val_profits": [1599.4948581054996, 1599.4948581054996, 1599.4948581054996], "exploration_rates": [0.995, 0.990025, 0.985074875]}