{"train_rewards": [29.155600373175332], "val_rewards": [2.152564441803129], "train_profits": [-9486.893540885409], "val_profits": [1599.4948581054996], "exploration_rates": [0.995]}