{"train_rewards": [45275.238336999006, -47.68519783849645, -126.12464751352836, 207.84465325828248, 4156.423289456362, 4346.0793919372245, 56359.41862694619, -81.08179210201513, 628.0633170593994, 2376.3487098118576], "val_rewards": [0.0], "train_profits": [6972.091202096855, 0.20749009777797123, -0.5800320339738751, 3.9538267120220105, 1222.6480070457014, 1033.7619493276554, 5054.649784755431, 0.12108458902945163, 270.81080337271953, 293.1180060315464], "val_profits": [0.0], "exploration_rates": [0.995, 0.990025, 0.985074875, 0.9801495006250001, 0.9752487531218751, 0.9703725093562657, 0.9655206468094844, 0.960693043575437, 0.9558895783575597, 0.9511101304657719]}