{"train_rewards": [45275.238336999006], "val_rewards": [0.0], "train_profits": [6972.091202096855], "val_profits": [0.0], "exploration_rates": [0.995]}