{"train_rewards": [52.630476945928635], "val_rewards": [0.0], "train_profits": [-5732.441383802322], "val_profits": [0.0], "exploration_rates": [0.995]}