{"train_rewards": [-0.09155577957954258], "val_rewards": [-12.37140639722352], "train_profits": [31.425301400704797], "val_profits": [1.7744768323373408], "exploration_rates": [0.995]}