{"train_rewards": [-0.09155577957954258, 58.62436446298574, -80.17166665223787, -132.41718509979262, -37.254479518059725, 9258.514043193216, 234.9137214180823, 60119.126420006694, -19.71481770559151, 26.036582550983912], "val_rewards": [-12.37140639722352], "train_profits": [31.425301400704797, 57.98472356579357, 16.24618221909461, -0.9748913345902158, 3.4695490282126347, 955.5517630548054, 9.806325117802864, 25754.817111116467, 1.5993940800340662, 1.6073418915924966], "val_profits": [1.7744768323373408], "exploration_rates": [0.995, 0.990025, 0.985074875, 0.9801495006250001, 0.9752487531218751, 0.9703725093562657, 0.9655206468094844, 0.960693043575437, 0.9558895783575597, 0.9511101304657719]}