{"train_rewards": [12.93517057881574, 26.693911832355735, 101.62662017793352, -47.85217768994813, 45.95293562603853, -40.72780560731039, 271.9660783963813, 177.15286981981532, -98.70463272215453, -110.863917336501, -85.46348801039989], "val_rewards": [6.553997551437364, -29.98791577984993], "train_profits": [-9140.488298433413, -2234.659949456631, 56020.531082001326, -12343.390394777574, 1010.5686672772863, -47675.826752913825, 345535.22225739504, 107184.46953565071, -18535.26147284929, -9437.572936512459, -10629.390214269693], "val_profits": [-1024.8714516586479, -3746.001413558801], "exploration_rates": [1.0, 1.0, 1.0, 1.0, 1.0, 1.0, 1.0, 1.0, 1.0, 1.0, 1.0]}