{"train_rewards": [12.93517057881574], "val_rewards": [6.553997551437364], "train_profits": [-9140.488298433413], "val_profits": [-1024.8714516586479], "exploration_rates": [1.0]}