{"train_rewards": [831.2574737808498], "val_rewards": [-12.765195208706555], "train_profits": [141.56299830798153], "val_profits": [-0.31147987382645304], "exploration_rates": [1.0]}