{"train_rewards": [831.2574737808498, -214.57171877583707, -157.3024699798055, 237.92046863938432, -249.70974185698915, 12607.33957000879, -126.32931287041433, -181.92794116956662, -177.88972106919553, 1044.097028898772], "val_rewards": [-12.765195208706555], "train_profits": [141.56299830798153, -0.919335507073914, 2.8991945218919253, 1.4482413521948923, -0.9553151858958704, 172.41638814765923, 12.286846462047507, 0.7194521138845278, -0.417832002696765, 34.84024631526012], "val_profits": [-0.31147987382645304], "exploration_rates": [1.0, 1.0, 1.0, 1.0, 1.0, 1.0, 1.0, 1.0, 1.0, 1.0]}