{"train_rewards": [-145.9817844819008, -117.6899328815672, 97.3667498158965, -43.90509771403792, 11031.721032983547, 1079.1930240780805, 1416.8844056745913, 26.57156986830995, 350.3122780910086, -53.231081923123554], "val_rewards": [-29.71204248814171], "train_profits": [-0.37752730813220137, 2.4694639860984235, 0.9431392857401473, 1.7885248962155815, 3672.7673040970967, 7.820402438863509, 107.47526914274653, 0.89672085637554, 0.06094571459211484, -0.9092675879086308], "val_profits": [-0.4030238443840216], "exploration_rates": [0.995, 0.990025, 0.985074875, 0.9801495006250001, 0.9752487531218751, 0.9703725093562657, 0.9655206468094844, 0.960693043575437, 0.9558895783575597, 0.9511101304657719]}