{"train_rewards": [-145.9817844819008], "val_rewards": [-29.71204248814171], "train_profits": [-0.37752730813220137], "val_profits": [-0.4030238443840216], "exploration_rates": [0.995]}