{"train_rewards": [52.78151064252864], "val_rewards": [-2.154895726936152], "train_profits": [-1904.731428489602], "val_profits": [-4938.047348581541], "exploration_rates": [0.995]}