{"train_rewards": [52.78151064252864, -69.79136213782195], "val_rewards": [-2.154895726936152, -2.154895726936152], "train_profits": [-1904.731428489602, -22859.358121812158], "val_profits": [-4938.047348581541, -4938.047348581541], "exploration_rates": [0.995, 0.990025]}