{"train_rewards": [288.57624755996414, 6240.224151582878, -101.93951693985757, 1688.1359437552749, 27.45300820661787, 15858.836382090134, 909.5673618918751, -178.88624037290637, 2603.585719952412, -188.76907970319488], "val_rewards": [15.222539827752415], "train_profits": [2.8523066130297985, 716.2833565250614, 1.792355224042975, 253.20622607030765, 2.4873145347488297, 133.56353426747557, 283.0403165357244, 12.933302662063012, 306.6340004653491, -0.9706869747632578], "val_profits": [17.149872881413184], "exploration_rates": [1.0, 1.0, 1.0, 1.0, 1.0, 1.0, 1.0, 1.0, 1.0, 1.0]}