{"train_rewards": [288.57624755996414], "val_rewards": [15.222539827752415], "train_profits": [2.8523066130297985], "val_profits": [17.149872881413184], "exploration_rates": [1.0]}