{"train_rewards": [2480.8232908196132], "val_rewards": [0.0], "train_profits": [73.27055785859777], "val_profits": [0.0], "exploration_rates": [0.995]}