{"train_rewards": [2480.8232908196132, 17.93967377605997, -229.34391550269407, -129.69855710150355, 20.38748546225341, 6447.106888401844, 594.8686037304967, 810.7314751291074, -219.07577276672745, 9447.544702714416], "val_rewards": [0.0], "train_profits": [73.27055785859777, 51.545920418354754, -0.997657390436433, 0.6373530280868493, 1.092391566867144, 2398.093893986353, 16.69956442507769, 42.35373134547632, -0.28107447464648905, 1661.477100129108], "val_profits": [0.0], "exploration_rates": [0.995, 0.990025, 0.985074875, 0.9801495006250001, 0.9752487531218751, 0.9703725093562657, 0.9655206468094844, 0.960693043575437, 0.9558895783575597, 0.9511101304657719]}