{"train_rewards": [-109.11789592578928], "val_rewards": [2.1548957269360507], "train_profits": [-12011.317594412954], "val_profits": [2675.9091477071415], "exploration_rates": [0.995]}