{"train_rewards": [266943.2187678945], "val_rewards": [-29.71204248814171], "train_profits": [33891.7850268673], "val_profits": [-0.4030238443840216], "exploration_rates": [0.995]}