{"train_rewards": [266943.2187678945, -142.82614785190802, 205.03208450384574, -94.26735021270221, 13019.746121354496, 15874.970063825864, 6006.785406976001, -92.27646247868553, -83.01245946651181], "val_rewards": [-29.71204248814171], "train_profits": [33891.7850268673, -0.24697757644177798, 47.87948577365665, -0.8636372887122706, 1932.0595220809773, 466.3976085684603, 256.60723608911474, -0.04940568011736646, 1.528513002298883], "val_profits": [-0.4030238443840216], "exploration_rates": [0.995, 0.990025, 0.985074875, 0.9801495006250001, 0.9752487531218751, 0.9703725093562657, 0.9655206468094844, 0.960693043575437, 0.9558895783575597]}