{"train_rewards": [-142.42480240618926, -122.07478395971152, -139.02321202659212, -122.35468718151475, -124.83336739172654, 6513.831821228698, 542.1771833674514, 3673.3987509964013, -119.93712895113063, -134.9564729467784, 49.425280989703154], "val_rewards": [2714.284044640173, -15.406789436134371], "train_profits": [-0.7616861413223828, 3.3150391279019367, -0.6274420364646489, -0.862296341406191, -0.8555399212189344, 224.45548670991258, 29.686727441006333, 838.6208883901973, -0.7235133945600672, -0.34801834652154584, 1.3867532165140788], "val_profits": [1245.5589264396303, 2.4750836004933183], "exploration_rates": [0.995, 0.990025, 0.985074875, 0.9801495006250001, 0.9752487531218751, 0.9703725093562657, 0.9655206468094844, 0.960693043575437, 0.9558895783575597, 0.9511101304657719, 0.946354579813443]}