{"train_rewards": [-142.42480240618926], "val_rewards": [2714.284044640173], "train_profits": [-0.7616861413223828], "val_profits": [1245.5589264396303], "exploration_rates": [0.995]}