{"train_rewards": [-142.42480240618926, -122.07478395971152, -139.02321202659212, -122.35468718151475, -124.83336739172654, 6513.831821228698, 542.1771833674514, 3673.3987509964013, -119.93712895113063, -134.9564729467784, 49.425280989703154, 296.32315534069863, 128.75282219700918, 378.56401809523044, -121.15028483895077, 10674.54590146342, 333.43079477494234, 168.48948750285098, -57.09200358170042, -65.16765199265811], "val_rewards": [2714.284044640173, -15.406789436134371], "train_profits": [-0.7616861413223828, 3.3150391279019367, -0.6274420364646489, -0.862296341406191, -0.8555399212189344, 224.45548670991258, 29.686727441006333, 838.6208883901973, -0.7235133945600672, -0.34801834652154584, 1.3867532165140788, 27.263420157226676, 35.04045450271344, 159.97725353766447, 0.5368509198622484, 1094.008817807938, 50.009412554733075, 21.448220357057288, 1.8781383429374952, 1.7627586488681146], "val_profits": [1245.5589264396303, 2.4750836004933183], "exploration_rates": [0.995, 0.990025, 0.985074875, 0.9801495006250001, 0.9752487531218751, 0.9703725093562657, 0.9655206468094844, 0.960693043575437, 0.9558895783575597, 0.9511101304657719, 0.946354579813443, 0.9416228069143757, 0.9369146928798039, 0.9322301194154049, 0.9275689688183278, 0.9229311239742362, 0.918316468354365, 0.9137248860125932, 0.9091562615825302, 0.9046104802746175]}