{"train_rewards": [-7.115380488410594, -100.13501752886286, 99.43317036441586, 57.392227902036716, 38.780726875933404, 25.732142888299723, -39.36404336643228, 59.302294466384325, -92.04752389958226], "val_rewards": [-2.1512149895475248], "train_profits": [-8891.04115022811, -18612.72122181736, 5238.613374382843, -8591.910470188768, -21901.099750163154, -9620.76529554172, -13909.50306167426, -6853.052346857425, -13756.0456757077], "val_profits": [-475.1852638880282], "exploration_rates": [0.995, 0.990025, 0.985074875, 0.9801495006250001, 0.9752487531218751, 0.9703725093562657, 0.9655206468094844, 0.960693043575437, 0.9558895783575597]}