{"train_rewards": [-7.115380488410594], "val_rewards": [-2.1512149895475248], "train_profits": [-8891.04115022811], "val_profits": [-475.1852638880282], "exploration_rates": [0.995]}