{"train_rewards": [67.5801572427589, 161.97998967359004, 59.341355803612814, 102.18911545183889, -32.16769051142707, 59.65029335687664, -27.894081550829842, -137.61259795506848, -100.9946095713349, -104.07849069217009, -10.258936586631297, -136.40135919334, 83.51773824536598, 96.3007122284562, -94.80671694334409, -95.11547557180721, -83.17107870960075, 46.57777341830669, -67.77860775879023, -78.49964198179764], "val_rewards": [2.152564441803129, 2.171538903745115], "train_profits": [-57401.81886508853, 386053.6532922907, -9379.072254656354, -1580.3774255564404, -8520.568774763951, 42.599460172878025, -9806.759195252886, -10669.98076355279, -8695.67045288361, -9887.25322873419, -24142.545762403628, -10897.220390719573, -840.1120913287104, 9775.574646249599, -8775.59175301317, -14522.58660742399, -16815.546754277537, -6242.624679662311, -11861.869435925528, -9719.326799900971], "val_profits": [1599.4948581054996, 2669.4557837830034], "exploration_rates": [0.995, 0.990025, 0.985074875, 0.9801495006250001, 0.9752487531218751, 0.9703725093562657, 0.9655206468094844, 0.960693043575437, 0.9558895783575597, 0.9511101304657719, 0.946354579813443, 0.9416228069143757, 0.9369146928798039, 0.9322301194154049, 0.9275689688183278, 0.9229311239742362, 0.918316468354365, 0.9137248860125932, 0.9091562615825302, 0.9046104802746175]}