{"train_rewards": [67.5801572427589], "val_rewards": [2.152564441803129], "train_profits": [-57401.81886508853], "val_profits": [1599.4948581054996], "exploration_rates": [0.995]}