{"train_rewards": [67.5801572427589, 161.97998967359004, 59.341355803612814, 102.18911545183889, -32.16769051142707, 59.65029335687664, -27.894081550829842, -137.61259795506848, -100.9946095713349, -104.07849069217009, -10.258936586631297], "val_rewards": [2.152564441803129, 2.171538903745115], "train_profits": [-57401.81886508853, 386053.6532922907, -9379.072254656354, -1580.3774255564404, -8520.568774763951, 42.599460172878025, -9806.759195252886, -10669.98076355279, -8695.67045288361, -9887.25322873419, -24142.545762403628], "val_profits": [1599.4948581054996, 2669.4557837830034], "exploration_rates": [0.995, 0.990025, 0.985074875, 0.9801495006250001, 0.9752487531218751, 0.9703725093562657, 0.9655206468094844, 0.960693043575437, 0.9558895783575597, 0.9511101304657719, 0.946354579813443]}